ID,subscribed
13242,no
14543,no
12219,no
25448,no
29748,yes
28252,no
37469,no
38538,no
3462,no
14889,yes
21654,no
5523,no
37871,yes
202,no
40396,no
26976,yes
18887,no
64,no
27743,no
20255,no
9192,no
35934,no
30690,no
9918,no
17146,no
33916,yes
26083,yes
17516,no
3622,no
36640,no
15090,no
26759,no
10758,no
10162,no
43595,yes
14237,no
19989,no
13087,no
25084,no
34676,no
45099,yes
38759,no
44653,yes
9908,no
18164,yes
19198,yes
17192,yes
1201,no
25300,no
32157,no
9237,no
41260,no
4604,no
21483,no
32501,no
38469,no
3548,no
16235,no
13064,no
13597,no
1946,no
25411,no
13215,no
13146,no
32696,no
29178,no
44579,no
16948,no
15098,no
12411,no
17916,no
38190,no
44988,no
31853,no
20846,no
34406,yes
18708,no
39726,yes
25211,no
7061,no
15219,no
24845,no
37916,no
30930,yes
3715,yes
11189,no
40377,yes
13870,no
27187,no
6022,yes
29745,no
41239,no
35576,no
21474,no
16109,no
3296,no
26762,no
14069,no
38990,no
2716,no
26277,no
9063,no
45150,yes
11069,no
30757,no
6639,no
21379,no
32856,no
10318,no
2121,no
5113,no
9089,no
15502,no
6934,yes
19813,no
21587,no
37962,no
28041,no
27436,no
38098,no
9335,no
22471,no
27652,no
37521,no
44900,yes
15732,no
25250,no
33835,no
42510,no
22985,no
31441,no
7011,no
2950,yes
29997,no
9920,no
7436,no
20434,no
8570,no
6550,no
5046,no
33945,no
8720,no
1543,no
7323,no
37341,no
28262,no
24885,yes
1513,no
42272,no
37967,no
27570,no
13094,no
35761,no
15798,no
21214,no
1160,no
7824,no
7460,no
3809,no
29852,no
3799,no
559,no
33045,no
9426,no
977,no
31308,yes
18040,no
31490,no
2283,no
2759,no
22660,no
5406,no
45152,yes
45077,yes
3053,no
26268,no
9294,no
3716,no
39712,no
28788,no
18098,no
2961,no
26104,no
25391,no
6856,no
5766,no
28412,no
9443,no
32921,no
13796,yes
21189,no
26954,no
30205,no
27108,no
26491,no
37863,no
28495,no
10330,no
23238,no
15795,no
12095,no
10990,yes
7507,no
11874,no
34827,no
15112,no
26923,no
13219,no
20814,no
7082,no
41013,no
34755,no
9658,no
27569,no
25410,no
1926,no
3039,no
5489,no
3608,no
6390,no
37165,no
26159,no
7384,no
40863,no
41037,yes
30791,no
44487,yes
32888,no
16015,no
17171,no
7355,no
34030,yes
35651,no
45022,no
14728,no
28177,no
34031,yes
19457,no
39855,yes
17763,no
10934,no
40597,yes
4736,no
36139,no
27330,no
18071,no
26680,no
24174,yes
35881,no
38413,no
26526,no
40715,no
8548,no
42229,no
29442,no
1973,no
5324,no
26912,no
44737,no
15777,no
1932,no
21884,no
21091,no
40129,yes
4766,no
14121,no
33847,no
41846,no
30667,no
34225,no
21236,no
4146,no
21093,no
36627,no
24836,no
44230,no
4743,no
4463,no
36814,no
27970,no
2670,no
24748,no
19273,no
12385,no
20686,no
13444,no
33844,no
16872,yes
22698,no
23190,no
8455,no
16712,no
30508,no
44618,no
42298,no
18339,no
37470,no
26665,no
20824,no
34554,no
17187,no
7399,no
13257,no
41370,no
10617,no
15355,no
15948,no
15106,no
14005,no
35454,no
23062,no
20193,no
43613,yes
4726,yes
37349,no
36123,no
33479,no
14372,no
13396,no
31923,no
16082,no
37370,no
38901,yes
26915,no
37100,yes
44922,no
10072,no
16062,no
10976,no
5463,no
36421,no
11262,no
8975,no
90,no
12127,no
32971,no
34984,no
41409,yes
37122,no
26167,no
22466,yes
26232,no
8605,no
6648,no
24285,no
14737,no
7961,no
29341,yes
21921,no
38852,no
25984,yes
16263,no
34283,no
24874,no
28109,no
4261,no
26449,no
23866,no
11719,no
8110,no
23763,no
408,no
15129,no
6776,no
14114,no
15123,no
38143,yes
33530,no
17016,no
5085,no
42925,no
9566,no
36862,no
25645,no
42007,yes
26535,no
15213,no
35873,no
25535,no
14703,no
12427,no
9885,no
21999,no
14894,no
7634,no
35125,no
17890,no
9415,no
16303,no
16087,no
5877,no
17623,no
33341,yes
136,no
9059,no
30017,no
37626,no
30331,no
7005,no
15127,no
877,no
13822,no
27803,no
2319,no
11091,no
10444,no
3701,no
23590,no
10675,no
33232,no
33233,no
27690,no
32603,no
36544,no
31915,yes
9802,no
31892,yes
5002,no
18037,no
45089,no
11026,no
1386,no
30399,no
31548,no
6049,no
22814,no
10724,no
9104,no
43951,yes
40894,yes
43990,yes
38037,no
25433,no
28373,no
39695,no
35438,no
1985,no
17893,no
43337,yes
17128,no
21799,no
13283,no
14389,no
5469,no
10396,no
28169,no
15163,no
3013,no
8755,no
36861,no
31261,no
39112,no
31698,no
12454,no
8300,no
29953,no
2311,no
35419,no
41957,no
37152,no
39127,no
18737,yes
41574,yes
14335,no
14777,no
3652,no
25967,no
34226,yes
22921,no
19314,no
9165,no
16172,no
36801,no
9099,no
12953,yes
38581,no
27535,no
1689,no
5697,yes
36286,no
23630,no
5115,no
11531,no
33376,no
5882,no
42615,no
6302,no
39581,no
32566,no
36074,no
17348,no
41747,no
15353,no
30695,no
11467,no
38925,no
28704,no
2047,yes
42786,yes
35872,no
39951,no
14016,no
29824,yes
35948,no
6071,no
25567,no
25644,no
40836,yes
19378,yes
6586,no
3553,no
30097,no
33480,yes
9248,no
26004,no
37511,yes
32436,no
17361,yes
39321,yes
27960,no
20956,no
17071,no
18553,no
37995,no
18308,no
11661,no
32889,no
8753,no
20043,yes
25859,no
31267,yes
12511,no
6087,no
27328,no
7952,no
19694,no
41687,no
34019,yes
19066,no
33089,no
40477,yes
2216,no
26879,no
26817,no
28413,no
4354,no
38959,yes
30298,no
15240,no
44697,no
33433,no
42152,no
23132,no
36831,no
20267,no
28453,no
25741,no
3371,no
13297,no
10960,yes
17139,no
22799,no
36135,no
5951,no
4680,no
36811,yes
18072,no
30998,no
9623,no
5409,no
8070,no
12350,no
2720,no
12062,no
15042,no
24352,no
7632,no
27536,no
833,no
9071,no
30818,no
25499,no
26438,no
39630,no
24851,no
22384,no
42528,yes
12156,no
42148,no
9717,no
15109,yes
28812,no
30284,no
28514,no
18197,no
3933,no
5093,no
14090,no
41805,no
31944,no
200,no
24217,no
37130,no
18711,no
43056,no
28596,no
16935,no
41830,yes
21902,no
24211,no
9394,no
28756,no
33801,no
19906,no
7312,no
32727,no
28071,no
26971,no
37227,no
34685,no
26572,no
24603,no
18639,no
35065,no
30065,no
7709,no
765,no
8490,no
30279,no
30979,no
30565,no
33259,no
37853,no
40347,yes
32932,no
44173,no
6123,no
27176,no
23727,no
33657,no
35685,no
42416,no
7215,no
37750,no
15699,no
26203,no
14513,no
3855,no
16233,no
37163,no
3728,no
17175,no
947,no
16455,no
39025,no
25597,no
2490,no
3348,no
22821,no
20288,no
37164,no
22061,no
225,yes
39117,no
4503,no
8218,no
37927,no
13222,no
23748,no
16243,no
36386,no
18973,no
4302,no
97,no
41961,yes
37541,no
65,no
24214,no
30268,no
26198,no
16022,no
9062,no
26272,no
30778,no
10020,yes
26852,no
21009,no
35322,no
44806,no
32709,no
25262,no
2423,no
37942,no
34376,no
36558,no
22053,no
29961,no
6116,no
23387,no
17443,no
10039,no
7636,no
44823,no
9694,no
26746,no
30321,no
25059,no
31118,no
37245,no
12516,no
26405,no
3864,no
3996,no
42479,yes
6851,no
35139,no
2844,no
31718,no
42865,no
20540,no
27114,no
41121,yes
41185,no
7938,no
16078,no
3868,no
2870,no
41685,yes
7073,no
23160,no
1089,no
33640,no
4083,no
14157,no
2738,no
4690,no
26803,no
29988,no
38888,no
24372,no
17902,no
20037,no
2296,no
44402,yes
22207,no
45098,yes
9622,no
21444,no
33698,yes
739,no
7557,no
12388,no
15061,no
39792,yes
35785,no
40814,no
41387,no
38718,no
19121,no
1145,no
39165,no
28276,no
20620,no
12331,no
13912,no
44017,yes
40764,yes
13626,no
19924,no
21355,no
35612,no
44982,no
2232,no
33606,no
24779,no
39843,no
44835,no
10609,no
389,yes
23342,no
3372,no
18022,no
17588,no
26499,no
14645,yes
2935,no
18004,no
33367,no
12771,no
5464,no
21750,no
15498,yes
7995,no
38285,no
12835,no
26190,no
15790,no
11730,no
10284,no
24782,no
35560,no
1987,yes
32612,no
39815,yes
42912,no
2488,no
37425,no
35551,no
16519,no
892,yes
30684,no
11361,no
44691,yes
23389,no
8629,no
22310,no
13420,no
616,no
13915,no
5780,no
42474,no
31349,yes
21216,no
38861,no
13197,no
16314,no
24150,no
41591,no
7130,no
20311,no
25867,no
44003,yes
34987,no
16372,no
1487,no
25485,no
17281,no
40526,no
16098,no
37044,no
28917,no
29292,no
13105,no
5759,no
11586,no
22943,no
37945,no
32564,no
11067,no
36493,no
20474,no
31683,yes
17472,no
8525,no
22684,no
9361,no
20299,no
18476,no
34621,no
30440,no
31149,yes
25095,no
22598,no
15287,no
7376,no
2618,no
17993,no
34848,no
23683,no
34521,yes
12118,no
14174,no
25809,no
24825,no
5553,yes
21854,no
5356,no
15946,no
20451,no
16466,no
814,no
33721,yes
28272,no
30168,no
25153,no
31286,yes
23052,no
39834,no
24114,no
19467,no
39279,no
8162,no
1764,no
5194,no
27248,no
33157,no
17310,no
9645,no
6379,no
37900,no
7375,no
37411,no
16578,no
32423,no
16634,no
8725,no
26114,no
32102,yes
2659,no
20947,no
15584,no
19543,no
13026,no
9351,no
31678,yes
23193,no
13076,no
37484,no
36502,no
33770,yes
39477,no
12601,no
13183,no
31967,yes
7831,no
45178,yes
32532,no
43650,yes
15614,no
1264,no
13738,no
13000,no
43320,yes
37243,yes
37950,no
31269,yes
30377,no
5847,yes
3426,no
37975,no
17949,no
31745,no
40987,no
13188,no
21668,no
10201,no
5873,no
45018,yes
20698,no
6046,no
11588,no
34082,yes
25812,no
27833,no
19551,no
3883,no
21439,no
41136,yes
26178,yes
38867,no
40549,no
21744,no
24665,no
2153,no
448,no
5488,no
25957,no
20309,no
41528,no
34910,no
7040,no
44285,no
38608,no
6121,no
37941,yes
15594,no
35173,no
1194,yes
6038,no
31188,yes
4975,no
1069,no
32712,no
10831,no
18321,no
29817,no
23096,no
23894,no
17867,no
23137,no
23803,no
18335,no
28395,no
19441,no
13125,no
35699,no
11556,no
30229,no
44841,no
1055,no
12003,no
22313,no
8063,no
35064,no
10260,no
34039,yes
19495,no
36866,no
36720,no
39204,no
44280,yes
10569,yes
21492,no
17862,no
28016,no
10898,no
18902,no
22390,no
34484,no
7317,no
43541,yes
18780,no
19525,yes
13359,no
32691,no
28008,no
43472,yes
8844,no
27329,no
39571,no
42273,no
41266,no
22662,no
7414,no
7252,no
21911,no
15337,no
32553,no
6745,no
6897,no
9914,no
33800,no
33476,no
24159,no
8138,no
34324,no
33063,no
28218,no
15800,no
16541,no
16223,no
5087,no
4768,no
44087,no
34156,no
12833,yes
3434,yes
8837,no
3975,no
20054,no
20066,no
16530,no
35397,no
24137,no
15440,yes
38694,no
44673,yes
7202,no
10653,no
44326,yes
28000,no
41518,yes
19579,no
33422,no
19518,no
16772,no
7156,no
31669,no
36904,yes
18394,no
3594,no
23603,no
34330,no
27245,no
14633,no
29758,no
6485,no
3257,no
37703,no
15026,no
44463,yes
20735,yes
41597,yes
36607,no
13328,no
26784,no
1263,no
26094,no
135,no
28568,no
22708,no
8385,no
27998,yes
30476,no
35101,no
24347,no
37758,no
9473,no
23779,no
27962,no
43594,yes
17009,no
12031,no
8351,no
740,no
34639,no
33001,no
26596,no
29333,no
1793,no
37989,no
12735,no
11518,no
17249,no
6729,no
44927,no
37420,no
7840,no
288,no
17960,no
22142,no
39679,no
38929,yes
21156,no
38816,no
40993,no
25161,no
41993,yes
1015,no
10647,no
3725,no
4369,no
1331,no
43849,no
40192,no
25403,no
32869,yes
29799,no
13204,no
15462,no
37431,no
19239,no
28573,no
2790,no
24643,no
22088,no
44399,yes
38439,yes
18873,no
9383,no
27113,no
23158,no
9049,no
34884,no
31437,no
18694,no
7597,no
39610,no
29690,no
17193,no
26457,no
36475,no
30774,no
42472,no
35164,no
9025,no
3778,no
1777,no
39218,no
28399,no
33414,no
43199,yes
1684,no
42346,no
38240,no
10445,no
15324,no
3165,no
21535,no
32298,no
17613,no
10466,no
17154,no
16788,no
11802,no
41445,no
20277,no
14779,no
2113,no
865,no
39076,no
30820,no
5385,no
43482,no
6030,no
32825,no
2898,no
8244,no
39968,no
13698,no
30455,no
1402,no
8813,no
24206,no
30003,no
42854,yes
41522,no
12973,no
39370,yes
12622,no
665,no
41633,no
8274,no
5944,no
8777,no
16664,no
7924,no
5333,no
6215,no
30700,no
3959,no
6929,no
29545,no
45121,no
27313,yes
21623,no
825,no
30176,no
37082,yes
8860,no
14349,no
29434,no
37327,no
22556,no
27232,no
11065,no
41315,no
8476,no
32667,no
4744,no
37771,no
23655,no
34996,no
25923,no
37489,no
30344,no
8405,no
31173,no
17130,no
11535,no
34272,no
3468,no
38438,no
19744,no
27580,no
9788,no
27024,no
19604,no
994,no
28408,no
625,no
24070,no
44454,yes
5319,no
26516,no
14766,no
268,yes
8282,no
9103,no
6607,no
24395,no
17331,no
34949,no
13514,no
44034,no
19777,no
29127,no
1694,no
35510,no
15661,no
4598,no
29438,no
22841,yes
14881,no
42192,no
736,no
21182,no
28932,no
516,no
22765,no
961,no
38704,no
7586,no
39470,no
35442,no
3904,no
15501,no
24907,no
39452,yes
14167,no
34622,no
15766,no
21851,no
1630,no
38077,no
19443,no
11599,no
11147,yes
4110,no
43479,yes
37028,no
36947,no
580,no
759,no
35324,no
6526,no
7595,no
15224,no
20767,no
34924,no
25405,no
41032,yes
43946,no
44257,no
3649,no
18790,no
13140,no
21814,no
9363,no
19482,no
11417,no
23946,no
17206,no
8463,no
6464,no
35050,no
1820,no
18320,no
26253,no
41140,no
22940,no
10630,no
11827,no
31373,yes
35618,no
42648,no
15760,no
3578,no
36765,no
20887,no
14137,yes
37407,no
25125,no
25951,no
39845,no
36482,no
2419,no
14346,no
13654,no
28934,no
41793,no
10882,no
41812,no
368,no
18473,no
20119,no
26450,no
26189,no
705,no
30770,no
11283,no
21114,yes
15004,no
25036,no
19340,no
36981,no
42306,no
15761,no
21436,no
43756,no
42776,yes
20068,no
16718,no
33546,no
38801,no
29985,no
16175,no
10077,yes
39001,no
20402,no
1954,no
12714,no
1696,no
40007,no
7351,no
29049,no
20695,no
15072,no
2873,no
28556,no
43616,yes
12708,no
13512,no
37031,no
6070,no
14691,no
19139,no
28493,no
37651,no
27280,no
8292,yes
18896,no
42280,yes
34912,no
43584,yes
34182,no
8687,no
8838,yes
17946,yes
23007,no
27211,no
28803,no
27399,no
28115,no
31730,no
12152,no
7102,no
27817,no
19404,no
40775,no
5862,no
9311,no
18712,no
30325,yes
5841,no
14155,no
20233,no
16226,no
9060,no
134,no
38498,yes
7251,no
14380,no
35235,no
5995,no
21468,no
16805,no
43871,yes
20670,no
1101,no
32924,no
38941,no
43254,yes
1303,no
43507,yes
25134,no
41308,yes
4830,no
29999,no
22876,no
3538,no
15639,no
29427,no
10979,no
19190,no
4070,yes
36001,no
15857,no
7792,no
3945,no
39476,no
20710,no
34629,no
40122,no
43879,yes
15876,no
31305,no
26887,yes
3103,no
33853,yes
32690,no
43412,yes
6687,no
41769,no
168,no
10677,no
40114,no
20900,no
40726,no
42143,yes
15406,no
32840,no
36340,no
35108,no
39916,yes
24356,no
26945,no
33336,no
26163,no
11208,no
7260,no
17593,no
5505,no
27601,no
23623,no
29712,no
41578,no
15205,no
655,no
35587,no
31025,yes
36832,no
6732,no
756,no
2515,no
34618,no
41154,no
40458,no
6396,no
41940,yes
12436,no
29622,yes
9633,no
18027,no
43497,no
37961,no
14135,no
40381,no
34636,yes
41843,yes
638,no
30654,no
6407,no
11363,no
26011,no
36077,no
30966,no
2631,no
24396,no
42694,no
2748,no
11618,no
43857,no
24509,no
19668,no
42052,yes
45014,yes
31493,no
14572,no
13461,no
4006,no
17479,no
29343,yes
2774,no
39746,no
43500,no
32750,no
18630,no
30523,no
23295,no
29268,no
6754,no
24390,no
36186,no
12124,no
40136,no
37417,no
9133,no
5083,no
3059,no
2715,no
29424,no
4373,no
19752,no
26122,no
20046,no
12857,yes
4104,no
25332,no
40374,yes
28159,no
10308,no
14984,no
41170,no
1125,no
12779,no
26049,no
6077,no
21817,no
6236,no
31635,no
29855,no
34474,no
25171,no
43718,yes
19236,no
19510,yes
8159,no
4641,no
21328,no
12106,no
2809,no
31385,no
30809,no
13004,no
9672,yes
13157,no
22991,no
2980,no
12371,no
6331,no
18261,no
31430,yes
42812,yes
1191,no
12915,no
26975,no
26796,no
35680,no
30414,no
5467,no
33821,no
6034,no
23837,no
26898,no
3510,yes
1885,no
6564,no
23365,no
34875,no
36515,yes
22554,no
15906,no
9488,no
14796,no
14873,no
29912,no
7550,no
12804,no
4753,no
1529,no
44172,yes
32810,no
39519,yes
2226,no
12267,no
29150,no
27595,no
15817,no
28714,no
38465,no
36013,no
18379,no
5599,no
36437,no
21627,no
34410,no
12566,no
32536,no
32303,no
25107,no
23056,no
29564,no
7582,no
10661,no
40279,yes
8683,no
6210,no
8308,no
29265,no
28864,no
20894,no
12468,no
24215,no
40088,no
39242,no
42461,yes
13815,no
24377,no
40137,no
23844,no
34775,no
40934,yes
3264,no
30835,no
8204,no
7811,no
695,no
37059,no
3777,no
15381,no
30014,no
7205,no
13681,no
43819,yes
35637,no
18558,no
42406,no
5652,no
12674,no
3178,no
15943,no
38344,no
27387,no
36875,no
26553,no
12242,no
12017,no
8097,no
27997,no
11471,yes
35572,no
15526,no
23093,no
35249,no
29170,no
1612,no
29640,no
36984,no
26464,no
27756,no
25002,yes
13062,no
10045,no
36221,no
43651,no
20924,no
6335,no
36495,yes
10008,no
2932,no
31704,no
25521,no
21118,no
28907,no
35521,no
28563,no
17133,no
7602,no
7583,no
20462,no
12068,no
16658,no
21918,no
38221,no
16020,no
4246,no
23981,no
16276,no
2401,no
33944,yes
23400,no
17070,no
16730,no
4778,no
25119,no
9546,no
19143,no
5031,no
17798,no
29323,no
35790,no
33631,no
12924,no
39724,no
37530,no
13957,no
36826,no
5575,no
12357,no
42888,no
43391,no
21036,no
44625,yes
7234,no
29446,no
34127,no
39264,no
2781,no
28335,no
3444,no
5058,no
12538,no
14878,no
29172,no
15320,no
17236,no
17010,no
35491,no
12560,no
11782,no
35925,no
7891,no
33162,no
300,no
12340,no
30763,no
3681,no
8389,no
32784,no
35908,no
26552,no
3922,no
36268,no
5232,no
30485,no
32320,no
26964,no
15153,no
33180,yes
24538,no
12752,no
23753,no
35756,no
43377,no
33912,yes
35269,yes
21431,yes
32364,yes
30348,no
1315,no
43447,no
16705,no
20573,no
27526,no
44795,no
5130,no
11973,no
14840,yes
3151,no
3335,no
32217,no
31668,yes
7143,no
30174,no
36247,no
35131,no
35805,no
33102,no
139,no
31435,yes
30382,no
25919,no
15656,no
3246,no
20044,no
5538,no
8744,no
44632,yes
7962,no
310,no
3741,no
7022,no
27420,no
40891,no
78,no
28089,no
11466,no
40296,no
5894,no
2262,no
14083,no
41944,yes
39221,no
7967,no
14079,no
32610,no
39550,no
2780,no
12912,no
18109,no
38104,no
1100,no
11260,no
1292,no
21969,no
36241,no
34505,no
35904,no
42858,no
18516,no
32653,no
43164,yes
44343,no
21790,yes
29335,no
22508,no
27175,no
25100,no
2949,no
40709,yes
38571,no
8383,no
19484,no
23738,no
7140,no
41763,no
25324,no
2021,no
31330,yes
23417,no
3849,no
8175,no
7343,no
4669,no
15909,no
24996,no
18400,no
28207,no
24983,no
22530,yes
6499,no
16083,no
6512,no
25592,no
18255,no
32030,no
23024,no
36087,no
3931,no
24346,no
32743,no
27577,no
36480,no
36084,no
39427,yes
993,no
9663,no
14461,no
35555,no
18285,no
35282,no
19712,no
28899,no
9748,no
1515,no
15607,no
9541,no
3506,no
1066,yes
38618,no
9235,no
8279,no
39595,no
15307,no
13843,no
20730,no
32976,no
4368,no
1360,no
40773,yes
2900,no
37644,no
11368,no
28029,no
29086,no
8251,no
19504,no
37694,no
33366,no
23381,no
42997,no
8303,yes
23231,no
30691,no
36387,no
42386,yes
41299,no
42698,yes
18789,no
112,no
32450,no
28086,no
28289,yes
36565,no
1324,no
26767,no
36910,no
29183,no
20469,no
17019,no
42020,yes
25325,no
3887,no
16544,no
6819,no
8388,no
6322,no
34312,yes
3032,no
45195,no
7119,no
41076,no
25253,no
38139,no
25426,no
31221,no
41814,no
4407,no
11511,no
24747,no
25768,no
1996,no
41061,no
33892,no
34652,no
16178,yes
41296,yes
14109,no
8327,no
12132,no
28445,no
38327,no
41935,no
32083,no
28267,no
3419,no
20582,no
37864,no
109,no
25717,no
10732,no
17273,no
5170,no
25493,yes
15446,yes
6664,yes
36513,no
19325,no
44426,yes
41945,yes
38125,no
28082,yes
34152,yes
18925,no
34941,no
42393,no
4730,no
41010,yes
38698,no
32891,no
23649,no
2264,no
29849,no
2167,no
20754,no
19852,no
27191,no
4579,no
43612,no
34259,no
30910,yes
37784,yes
5536,no
8442,no
26396,no
34798,yes
9727,no
37627,no
15481,no
3110,no
180,no
22850,no
42878,no
17100,no
25511,no
27906,no
2187,no
5990,no
31283,no
23681,no
44114,yes
32997,no
4882,no
37064,no
25266,no
23962,no
612,no
16704,no
37833,no
43626,no
22888,no
5297,no
42126,yes
28398,no
29582,no
22887,no
21222,no
4421,no
16665,no
41127,yes
4485,no
23808,no
15986,no
12595,no
25354,no
19324,no
33542,no
31027,yes
1373,yes
23813,no
13001,no
38461,no
1290,no
37843,no
21865,no
43086,yes
32950,no
40986,yes
35831,no
11799,no
16794,no
11815,no
21775,no
24803,no
33370,no
11533,no
15146,yes
21043,no
5000,no
6798,no
2709,no
15330,no
33317,no
24691,no
22293,no
40393,yes
28553,no
19849,no
30869,no
43920,no
18203,no
29477,no
17873,no
39408,yes
3545,no
25520,no
19933,no
16089,no
16603,no
41051,yes
35938,no
6298,no
183,no
9673,no
29257,no
37121,no
12850,no
32614,no
11149,no
34782,no
37563,no
31640,no
37042,no
28157,no
199,no
38374,no
12986,no
44733,no
36215,no
18306,no
10729,no
8264,no
32873,no
5470,no
36795,no
32099,no
3199,no
20999,no
8574,no
6975,no
37955,no
34042,yes
1401,no
22196,no
14854,yes
11219,no
40608,no
31419,no
9677,no
3284,no
15669,no
37713,no
3007,no
37951,no
17620,no
10718,no
39614,no
23605,no
41844,no
2198,no
34756,yes
29495,no
19713,no
22621,no
21596,no
26586,no
37137,no
35767,yes
11562,no
5144,no
12550,no
2018,no
12119,no
13414,no
10546,no
19249,no
9597,no
24513,no
11099,no
34817,no
17473,no
27777,no
26902,no
43030,yes
15562,no
19838,no
345,no
12405,no
30613,no
32219,no
22101,no
10324,no
8731,no
8985,no
10257,no
12187,no
9805,no
36220,no
2998,no
810,no
29914,no
28156,no
38758,no
8263,no
32505,no
12108,no
16774,no
33338,no
25137,no
40573,no
37594,no
692,no
30059,yes
36105,no
27713,no
27470,no
25114,no
31937,no
16724,no
38022,no
32316,no
6601,no
5362,no
25190,no
18986,no
13548,no
40725,no
33999,yes
43861,yes
4055,no
456,no
12923,no
20433,no
15522,no
6637,no
34358,no
16856,yes
27501,no
22235,yes
42090,yes
21859,no
30411,no
39933,yes
19266,no
19343,no
1644,no
3963,no
16345,no
3672,no
40148,no
27809,no
377,no
14928,no
24381,yes
6873,no
44783,no
40036,yes
40519,no
40113,no
20538,no
8132,no
17914,no
9594,no
27083,no
27631,no
5808,no
40581,no
11635,no
13537,no
44581,yes
12253,no
31699,no
7531,no
37452,yes
20572,no
44459,no
6292,no
574,no
28442,no
7100,no
8948,no
14941,no
20950,no
3369,no
7131,no
35087,no
35936,no
22010,no
21017,no
33942,no
8645,no
39907,yes
23572,no
20607,no
19068,no
11990,no
7456,no
37842,no
4818,no
17846,no
16647,no
31398,no
20350,no
25001,no
15336,no
19563,no
735,yes
6213,no
37801,no
40706,no
6201,no
14397,no
5851,no
37701,no
11812,no
39024,no
14141,no
27132,no
20464,no
15882,no
38384,no
22873,no
43803,yes
19179,no
34861,no
7311,no
12849,no
30520,no
21876,no
732,no
39527,yes
22928,no
9090,no
37401,no
20109,no
22818,no
24974,no
41824,no
43672,yes
23520,no
192,no
41251,yes
41722,yes
9742,no
30670,yes
11753,no
12755,no
6572,no
37360,no
14992,no
5275,no
12913,no
41325,no
5842,no
12757,no
42672,yes
38398,yes
34513,no
61,no
10163,no
37957,no
3353,no
14333,no
9150,no
27728,no
21442,no
25140,no
4279,no
16834,no
32895,no
432,yes
6454,no
4570,no
42986,no
32528,no
6289,no
44403,yes
11286,no
9178,no
23587,no
23731,no
38876,no
28216,no
5617,no
7779,no
29761,no
27219,no
33511,no
9701,no
15744,no
6796,no
43223,no
14089,yes
5059,no
34549,no
23919,no
5498,no
38250,no
14107,no
2209,no
31657,no
43760,yes
26110,no
38448,no
7210,no
12908,no
15447,no
15220,no
19095,no
4559,no
40586,yes
34202,yes
642,no
40978,no
13364,no
27454,no
27473,no
8186,no
38562,yes
12291,no
42290,no
40673,yes
28227,no
7058,no
19210,no
22880,no
19117,no
24044,no
24458,no
41005,yes
24574,no
34448,no
3012,no
862,no
29382,no
458,yes
7039,no
11176,yes
44506,no
30730,no
34420,no
28496,no
22903,no
27140,no
20966,no
7644,no
40042,no
15450,no
42810,no
35698,no
6439,no
45160,no
24167,no
37298,no
33482,no
9878,no
30510,no
42242,no
33205,no
9855,no
9683,no
19487,no
22449,no
25648,no
15385,yes
42486,yes
3263,no
25385,no
38399,no
36993,no
6007,no
19919,no
9323,no
44033,yes
21307,no
31127,yes
28978,no
29941,no
44649,no
28212,no
7823,no
21764,no
30853,no
36129,no
17568,no
14986,no
36652,no
20984,no
1870,no
24558,no
33358,no
1390,no
35434,no
9784,no
17275,no
36530,no
41714,no
4558,no
41346,yes
42901,no
44544,no
16216,no
13360,no
17861,no
18038,no
39100,no
27995,no
57,no
37676,no
14810,no
21404,no
32594,no
43127,no
6135,no
33629,no
27333,no
279,no
17052,no
38518,no
40741,no
35440,no
41056,yes
39878,yes
31011,yes
39464,no
11199,no
20892,no
27916,no
20427,no
8149,no
33241,no
30745,no
33997,no
1615,no
33977,yes
2913,no
35042,no
40758,no
6969,no
2467,no
11622,no
27064,no
14325,no
658,no
24319,no
15028,no
13485,no
43730,yes
30743,no
40194,no
21484,no
12027,no
32294,no
29670,yes
43915,yes
2268,no
32388,no
27286,no
3707,no
20236,no
46,no
20199,no
28124,no
14085,yes
28308,no
42182,no
14184,no
18354,no
18391,no
20938,no
30074,no
14357,no
26382,no
887,no
17120,no
26685,no
38517,no
37933,no
40853,no
42315,no
545,no
26242,no
25458,no
33729,no
20550,no
20325,no
8562,no
15628,no
19263,no
9598,no
24537,no
2612,no
26925,no
26558,yes
14164,no
34633,yes
1960,no
39208,no
39411,no
18404,no
35961,no
10023,no
17908,no
24353,no
7843,no
39493,yes
533,no
6041,no
25079,no
12488,no
6769,no
44309,no
21015,no
38385,no
29344,no
42941,no
27637,no
6544,no
43224,yes
9432,no
28809,no
11856,yes
77,no
44846,yes
6011,yes
6433,no
8783,no
16358,no
21740,no
16867,no
1656,no
14074,no
38491,no
843,no
8691,no
19169,no
31002,yes
25307,no
20693,no
23358,no
488,no
28468,no
24351,no
6287,no
31246,no
42531,no
12960,yes
25122,no
230,no
11934,no
45154,no
30861,no
45114,yes
39092,no
270,no
7271,no
19788,no
20995,no
25878,no
6275,no
27560,no
14955,no
17843,yes
33223,no
33041,no
1250,no
6815,no
13803,no
23324,no
8296,no
35844,no
18183,no
8487,no
12976,no
27432,no
11217,yes
5478,no
26215,no
39,no
15458,no
22153,no
43889,yes
3216,no
11410,no
10004,no
41147,yes
40851,yes
25165,no
37475,no
14000,no
19109,no
8603,no
34565,no
37193,no
33564,no
41740,yes
32968,yes
44738,yes
8265,no
32524,no
25962,no
27221,no
40493,no
42806,no
2901,no
21459,no
7122,no
31301,yes
6946,no
410,no
22157,no
16683,no
40687,no
27345,yes
22348,yes
15710,no
15175,no
42308,no
531,no
1824,no
4469,no
16920,no
44217,yes
35923,no
33906,no
39697,yes
3616,no
1454,no
9136,no
3198,no
42534,yes
6986,no
813,no
17159,no
27606,no
24985,no
14354,yes
30100,no
41500,yes
10876,no
33456,no
31477,no
31454,no
2977,no
23631,no
38477,no
27958,no
38645,no
39182,no
22098,no
33114,no
31756,no
15831,no
30945,no
10332,no
22238,no
20284,no
34915,no
9427,no
7104,no
39700,no
42640,yes
10682,no
37389,no
42441,no
29098,no
34810,yes
19466,no
14283,no
9171,no
22758,no
5057,no
2596,no
30933,no
3010,no
13671,no
1482,no
15229,no
2987,no
611,no
22393,no
39510,no
5184,no
5432,no
19915,no
26389,no
8017,no
44075,no
22065,no
7803,no
15454,no
29484,no
10594,no
25709,no
14216,no
25828,no
40513,yes
9573,no
11138,no
36954,no
16799,no
41079,no
9583,no
31466,no
43633,no
11625,no
33461,yes
16479,yes
6261,no
12621,no
36131,no
8615,no
25248,no
14205,no
23716,no
33713,no
14082,no
34515,no
22559,no
13694,no
30432,no
20674,no
7566,yes
43852,yes
26121,no
2554,no
14974,no
15892,no
5516,yes
15439,no
12296,no
19252,yes
20334,no
41309,yes
12144,no
20685,yes
198,no
10422,yes
38445,no
15046,no
33020,yes
29835,no
41086,yes
1207,no
29984,no
44820,no
14643,no
40736,no
10847,no
32078,yes
27935,no
38603,no
43854,no
32380,no
4854,no
4508,no
25625,no
17529,no
3293,no
35633,no
10095,no
3990,no
2341,no
26968,no
8797,no
23673,no
35814,no
3259,no
1737,no
25184,no
31746,yes
27452,no
8346,no
34878,no
30968,yes
4417,no
29865,no
32656,no
25188,no
12008,no
19801,no
24515,no
39031,no
39249,no
30737,no
33400,no
4611,no
33845,no
44431,yes
8119,no
8553,no
31176,yes
21389,no
44252,no
33211,no
34883,no
6491,no
8472,no
33874,yes
11807,no
776,no
13641,no
12117,no
37815,no
2339,no
15728,yes
41757,yes
27321,no
15955,no
42719,yes
19597,no
26477,no
5072,no
37792,no
13678,no
31999,no
25564,yes
26479,no
33820,no
40649,no
12360,no
45199,no
1561,no
18077,no
43143,yes
27135,no
37696,yes
38776,no
21144,no
35412,no
2575,no
17944,no
1771,no
31980,no
24102,no
27693,no
19052,no
4826,no
40224,no
34990,no
2430,no
11098,no
3722,no
13060,no
18152,no
36586,no
9511,no
20759,no
14247,no
31448,yes
37762,no
902,no
4105,no
44652,yes
16485,no
26768,no
32681,no
3528,no
25443,no
43575,no
23057,no
20013,no
37430,no
23048,no
36621,no
24415,no
28477,no
28802,yes
10415,no
20848,no
16606,no
3189,no
21161,no
37115,no
19781,no
13873,no
19695,yes
43470,no
22430,no
10101,no
5610,no
28160,yes
34301,no
30322,no
33058,no
40678,yes
29575,no
29798,no
43187,yes
32428,no
34241,yes
6864,no
36902,no
31110,no
38699,no
22515,no
37850,no
22286,no
4205,no
37839,no
6902,no
27001,no
30395,no
29473,no
42405,yes
5231,no
12273,no
40064,yes
10059,no
21380,no
40719,yes
41778,no
42456,no
30715,no
13545,no
13107,no
28377,no
24793,no
38546,no
2936,no
2696,no
15509,no
21151,no
28735,no
27842,no
14097,no
28774,no
25618,no
35177,no
20317,yes
32498,no
30573,no
42233,no
26752,no
27461,no
34922,yes
25430,no
19815,no
11851,no
44726,yes
22842,no
44401,yes
32421,no
35134,no
35676,no
6585,no
31734,no
27578,no
14306,no
37448,no
4968,no
4653,no
36803,no
11496,no
14585,yes
44057,no
29213,no
33316,no
9,no
5822,no
37295,no
36763,no
17336,no
10595,no
10289,no
21788,yes
12083,no
10030,no
30632,no
40869,no
17751,no
21653,no
11001,no
31271,yes
19613,no
14072,no
1307,no
39576,no
35422,no
37092,no
21892,no
44061,yes
8299,no
24783,no
32716,no
4833,no
10258,no
19369,no
12512,no
25071,no
25557,no
11595,no
38042,no
41676,no
13403,no
6868,no
21168,no
5173,no
40155,no
30756,no
28213,no
29365,no
20889,no
4674,no
4465,no
14915,no
13348,no
38539,no
22099,no
7179,no
30653,no
27671,no
6241,no
44334,no
1379,no
14790,no
13832,no
2203,no
33072,no
39371,no
30157,no
35568,no
23698,no
34220,no
40242,no
6675,no
34381,no
42555,no
2183,no
32218,no
40991,no
13152,no
34481,no
26885,no
28076,no
11224,no
20958,no
21567,no
14954,no
9106,no
41206,no
16312,no
44930,no
43326,yes
30327,yes
24718,no
33246,no
4317,no
12810,no
9836,no
31894,yes
321,no
8648,no
44339,yes
17849,no
42760,no
33957,no
25024,no
6940,no
12338,no
39159,no
27668,no
14127,no
44918,no
35211,no
3851,no
25345,no
13550,no
33862,no
19305,no
36274,no
12748,no
11484,no
3477,no
43338,no
4008,no
26547,no
23012,no
18567,no
27116,no
29635,no
42574,no
14642,yes
30323,no
41523,no
28077,no
10597,no
29025,no
9539,no
36114,no
28166,no
6386,no
22908,yes
4210,no
42518,yes
10245,no
6029,no
42890,yes
43137,no
12015,no
11319,no
37326,no
35738,no
17772,no
24960,no
33607,no
35178,no
17564,no
33790,yes
1382,no
637,no
2563,no
12792,no
38921,no
35391,no
10959,no
15255,no
9959,no
18938,no
13293,yes
4218,no
29765,no
42805,no
22699,no
15096,no
6300,no
8135,no
42955,no
27242,no
11821,no
8253,no
40341,no
3536,no
743,no
4157,no
1767,no
23784,no
44244,no
22254,no
36363,no
14509,no
21435,no
32402,no
26408,no
12514,no
38557,yes
24843,no
18472,no
36059,no
1692,no
3248,no
9729,no
24516,yes
39870,no
39317,no
43601,yes
28526,no
23903,no
23271,no
42682,no
21264,no
43206,no
41047,no
29395,no
9042,no
40873,yes
16516,yes
17240,no
37367,yes
149,no
43042,yes
40920,no
45079,yes
32785,no
36327,no
14649,no
11880,no
10488,no
36167,no
36908,no
42688,no
492,no
37284,no
21226,no
7856,no
7290,no
24098,yes
21257,no
27612,no
11386,no
34866,no
4266,no
37226,no
42987,yes
43565,no
27302,no
1230,no
33143,no
4887,no
8617,no
24801,no
25076,no
40091,no
40101,no
40605,no
33281,no
8689,no
40985,no
6276,no
13141,no
32432,no
42881,yes
30361,no
39492,no
3454,no
31412,yes
670,no
35822,yes
39209,no
33840,no
33861,no
22104,no
36741,yes
40511,yes
1941,no
31592,yes
24678,no
3236,no
5384,no
12257,no
44767,no
32261,no
11720,no
13106,no
13034,no
22447,no
44439,yes
17512,no
37751,no
43506,yes
28835,no
19440,no
40291,no
34688,yes
25572,no
23526,no
24014,no
20321,no
40497,no
35128,no
23290,no
25891,no
41604,no
32782,no
35734,no
30614,no
6891,no
38362,no
3452,no
8815,no
43566,no
4427,no
14935,no
41906,yes
42453,no
25498,no
33743,yes
4106,no
41537,yes
19533,no
13154,no
41767,no
9917,no
11472,no
15582,no
11847,yes
6933,no
5687,no
35787,no
14852,no
17601,no
8723,no
24698,no
6608,no
7048,no
41902,yes
2796,no
10379,no
6945,no
26068,no
28138,no
2082,no
1702,no
7279,no
39008,no
28476,no
14226,no
28268,no
5447,no
33144,no
640,no
16439,no
34934,no
29348,no
44566,yes
44098,yes
19835,no
9283,no
32229,no
15931,no
12730,no
12867,yes
35534,yes
10009,no
15184,no
7062,no
5913,no
16221,no
27073,no
27752,no
14956,no
28062,no
4384,no
8792,no
22924,no
33754,yes
21961,no
639,no
13225,no
18773,no
4723,no
4835,no
24333,no
127,no
33753,yes
14236,no
37457,no
2254,no
25839,no
37648,no
25874,no
44725,yes
25197,no
20362,no
26905,no
20227,no
41246,no
33925,no
35193,no
40614,yes
5738,no
44628,no
2309,no
35687,no
25350,no
17383,no
5411,no
171,no
11727,no
10530,no
18432,no
33145,yes
16126,no
6113,yes
26021,no
31303,no
17700,no
13770,no
29310,no
23483,no
4557,no
37350,no
34717,no
18540,no
3328,no
9486,no
25796,no
34445,no
33491,no
21092,no
16969,no
17577,no
2639,no
9031,no
13682,no
36360,no
21074,no
13754,no
27774,no
17164,no
36203,no
18801,yes
40893,yes
17003,no
27990,no
19001,no
32427,no
436,no
12996,no
10810,no
19055,no
7420,yes
38450,no
25961,no
18608,no
9076,no
286,no
4627,no
44284,no
16379,no
43091,yes
20557,no
38804,no
8861,no
3375,no
30633,no
25697,no
3365,no
21548,no
35157,no
2570,no
9081,no
33985,yes
15475,no
19067,no
39585,no
20456,no
26789,yes
36824,no
29449,no
24341,no
31874,no
17065,no
20179,no
39863,no
398,no
35626,no
39599,no
34977,yes
36173,no
13287,no
45080,yes
13864,no
2325,no
16780,yes
29281,no
25039,no
35149,no
31521,no
39042,no
34160,yes
29691,yes
5525,no
28274,no
18843,no
31411,yes
44518,yes
23618,no
9909,no
12172,no
24146,no
11093,no
35248,no
10430,no
43166,yes
31831,no
18129,no
34165,yes
18468,no
10315,no
25023,no
43227,yes
30562,yes
13958,no
34252,no
20143,yes
28638,no
18686,no
45172,yes
5032,no
28603,no
32228,no
37127,no
10972,no
13178,yes
31061,no
40543,no
41726,no
20521,no
6493,no
31249,yes
32448,yes
25848,no
27627,no
564,no
15010,no
40769,no
12535,no
27220,no
22312,no
25756,no
40032,yes
7763,no
14437,no
26370,no
38166,no
25167,no
11032,no
20110,no
9632,no
39108,yes
41364,yes
7645,no
25177,no
36124,no
21808,no
29705,no
11894,no
38341,no
40021,no
43273,no
242,yes
28571,no
14431,no
15706,yes
40081,no
30545,no
29413,no
27090,no
15120,no
23580,no
17965,no
11830,no
17969,no
31248,yes
43636,yes
18937,no
22355,no
13753,no
10769,no
18262,no
13829,no
24990,no
18683,no
7388,no
33774,no
43627,yes
5570,no
40644,yes
38598,no
32792,no
31837,no
23018,no
1742,no
23491,no
33870,yes
24364,no
15437,no
37131,no
3815,no
16583,no
26961,no
30090,no
30519,no
43898,no
17129,no
31005,no
6136,no
11772,no
23259,no
20643,no
35569,no
26719,no
10256,no
40037,no
13558,no
9999,no
35285,no
15248,no
39615,no
5098,no
21042,no
41237,yes
5190,no
29003,no
20571,no
2830,no
35606,no
25767,no
23130,no
25355,no
43940,no
29908,no
29330,no
27332,no
24785,no
23157,no
39733,no
6337,no
13032,no
42042,yes
6591,no
40332,no
12766,no
37276,no
40338,yes
3097,no
19825,no
17535,no
32368,no
15207,no
7458,no
36204,no
16622,no
35643,no
9556,no
29634,no
14903,yes
23049,no
12483,no
31545,no
12248,yes
11287,no
16555,no
11917,no
37057,no
21509,no
34411,no
26140,no
1722,no
20842,no
10228,no
12348,yes
7682,no
2571,no
22534,yes
16902,no
42817,no
43985,no
32516,no
40063,no
26145,no
11817,yes
10022,no
13503,no
44195,yes
10336,no
24358,no
27377,yes
24860,no
32349,yes
778,no
14628,no
29182,no
20185,no
34906,no
38685,no
35997,no
32933,no
23642,no
9497,no
8843,no
7514,no
8011,no
31423,yes
13723,no
41989,no
2469,no
27167,no
27143,no
34169,no
42,no
25855,no
21813,no
7562,no
23332,no
949,no
27855,no
7729,no
26764,no
42241,no
27348,no
42150,yes
943,no
10982,no
40444,yes
44705,yes
23839,no
6716,no
28097,no
36591,no
41310,yes
43313,yes
4824,no
43591,yes
15590,no
24130,yes
34509,yes
3227,no
29324,yes
28463,no
18076,no
16140,no
7444,no
21391,no
30950,no
159,no
12229,no
3828,no
38761,no
16428,no
9517,no
41519,no
39549,no
23410,no
14116,no
41802,no
4388,no
40299,no
29665,no
12070,no
1962,no
29403,no
13006,no
22858,no
44672,yes
4990,no
899,no
9513,no
9603,no
26040,no
5631,no
43369,yes
4501,no
19414,no
10895,no
42421,yes
7133,no
35163,no
26934,no
24428,no
35995,no
40140,no
39378,no
9614,no
34199,yes
44311,yes
22188,no
39089,no
30676,no
19568,no
44092,no
20517,no
24714,no
22467,no
33989,no
12882,no
12241,no
45021,yes
5588,no
22510,no
8260,yes
32205,no
3072,no
28099,no
11736,no
39512,no
22000,no
17258,no
17438,no
14668,no
25462,no
17279,no
19528,no
11555,no
5907,no
5160,no
40301,yes
41737,no
3586,no
25894,no
2727,no
44524,yes
43698,yes
19982,no
27448,no
39841,no
19799,no
14725,no
355,no
17674,no
9253,no
25402,no
13783,no
4724,no
5142,no
38805,no
32156,no
13045,no
22027,no
31933,yes
18239,yes
27163,no
29821,no
34762,no
5686,no
20799,no
15616,no
33794,no
11455,no
40667,no
5806,no
17662,no
38497,no
27098,no
4751,no
39905,yes
17182,no
37983,no
26108,no
40865,no
34125,yes
42922,no
33559,no
19278,yes
24931,yes
38235,no
44393,no
7477,no
737,no
14512,no
20515,no
30492,yes
40777,yes
42249,no
34471,no
42919,no
17694,no
2641,no
39266,no
23877,no
42186,yes
23554,no
36192,no
5370,no
36498,no
10951,no
39764,yes
2804,no
41505,yes
31014,no
42551,yes
7749,no
10128,no
19609,no
20196,no
17573,no
1814,no
37068,no
7263,no
4114,no
23930,no
12426,no
10948,no
43452,no
1387,no
12681,no
21208,no
4533,no
30215,no
39018,no
14906,no
15631,no
42996,no
21233,no
40086,yes
2864,no
16548,no
37811,no
41243,no
17677,no
11329,no
3841,yes
8211,no
29932,no
21267,no
22904,no
2458,no
24033,no
3380,no
44650,no
30893,no
12366,no
32951,no
20324,no
45187,no
21237,no
3544,no
6226,no
43773,yes
14379,no
8719,no
8183,no
34396,no
3924,yes
19791,no
25550,no
43660,yes
42527,yes
12173,no
44405,yes
19182,no
31082,yes
23550,no
28717,no
27395,no
22085,no
39323,no
1086,no
13745,no
40273,yes
39600,no
6165,no
36808,no
24324,no
9666,no
39631,no
20801,no
16547,no
9487,no
7120,no
29551,no
9720,no
33351,no
8896,no
18589,no
38354,no
41210,no
18707,no
25133,no
31506,no
36133,no
23152,no
9296,no
6225,no
11222,no
42340,yes
40903,yes
23989,no
16483,no
14560,no
38257,no
24984,no
35053,no
10997,no
6509,no
13920,no
32650,no
42123,no
21501,no
28914,no
26812,no
42302,no
28405,no
28870,no
1583,no
20687,no
24264,no
17163,no
19646,no
9105,yes
26623,no
43167,yes
33188,no
4789,no
32672,no
21124,no
10857,no
31053,yes
14654,no
10771,no
26839,no
33837,no
27281,no
19557,no
43444,no
43887,no
31883,no
42816,no
5694,no
6369,no
42585,yes
37875,no
22417,no
15420,no
16003,no
24878,no
35056,no
34789,no
38700,no
41264,no
39109,yes
39704,no
779,no
4843,no
18092,no
41914,no
2174,no
3423,no
33091,yes
7478,no
9606,no
12734,no
37712,no
19560,no
43251,no
10860,no
32254,no
38224,no
4434,no
21292,no
22029,no
17449,no
35860,no
44468,no
19043,no
17501,no
19506,no
23951,no
7778,no
10062,no
42818,yes
42581,yes
41502,yes
38530,no
25475,no
11039,no
12637,no
5876,no
11365,no
8340,no
34024,no
37785,no
37102,no
36967,no
20866,yes
6529,no
33030,no
24151,no
43325,yes
24965,no
11002,no
29940,no
7314,no
27663,no
844,no
44359,no
33517,no
1323,no
42630,yes
14042,no
944,no
24080,yes
22253,no
30417,no
5548,no
34512,no
20618,yes
3146,yes
22914,no
44495,yes
40054,no
14556,no
41159,no
27215,no
20935,no
9706,no
27800,no
38282,yes
9393,yes
12633,no
35646,yes
19423,no
3873,no
28282,no
32172,no
6488,no
36079,no
16818,no
15965,no
39718,no
18402,no
28538,no
19233,no
34979,no
305,no
36676,yes
11200,no
17060,no
23428,no
38118,no
5441,no
17721,no
37138,no
7764,no
9482,no
35731,no
22182,no
21415,no
9921,no
20021,no
36879,no
18196,no
22303,no
22993,no
20979,no
42815,no
35654,no
15211,no
41819,no
8465,no
21912,no
9410,no
29116,no
18137,no
25150,no
36783,no
19964,no
15259,no
7178,no
13208,no
19831,no
34747,no
27582,no
2074,no
17753,no
1417,yes
24652,no
39744,no
38865,no
44688,no
17933,no
32675,no
39596,no
29863,no
39971,no
7575,no
18610,no
12927,no
23253,no
29686,no
26111,no
19238,no
44845,yes
22048,no
29111,no
20943,no
6735,no
24596,no
42664,yes
35156,no
23040,no
7701,no
2769,no
29425,no
7476,no
30212,yes
38862,no
31370,no
42808,yes
32089,yes
4695,no
32828,no
35853,no
40946,no
24591,no
4410,no
37617,no
16512,no
35350,no
28631,no
7289,no
6742,no
14895,no
34143,yes
23020,no
10875,no
39457,no
2984,no
34262,no
31304,no
21295,no
14270,no
14233,no
30280,no
3238,no
23756,no
5748,no
3604,no
30915,no
22454,no
387,no
12058,no
13798,no
29294,no
4553,no
3788,no
41359,yes
15534,no
24334,no
43816,yes
16328,no
29407,no
841,no
25713,yes
41321,yes
2754,no
17719,no
17737,no
39147,no
19270,no
4529,no
31275,yes
31274,no
5828,no
10465,no
10687,no
294,no
7002,no
21601,no
13602,no
23675,no
43044,yes
33227,no
15545,no
15585,no
12230,no
2298,no
30760,no
22486,no
17141,no
42525,no
1519,no
44247,no
29566,no
17007,no
26444,no
3731,no
15321,no
27411,no
39179,no
20772,no
14291,no
40431,yes
12171,no
16843,yes
22952,no
7918,no
28919,no
30491,no
22050,no
24595,no
42452,yes
12310,no
7509,no
38872,no
5171,no
30505,no
43406,no
35217,no
43648,yes
3255,no
21129,no
8608,no
7332,no
26404,no
20851,yes
38721,no
10909,no
18067,no
3124,no
14989,no
671,no
12487,no
14142,no
13169,no
32592,no
33323,no
6414,no
36631,no
35951,no
41979,no
19120,no
25895,no
924,no
25516,no
44747,yes
311,no
3607,no
23265,no
43379,yes
12465,no
16699,no
14605,no
7713,no
22645,yes
5515,no
20977,no
36703,no
10507,no
8319,no
25254,no
40872,yes
20623,yes
8845,no
33543,no
11267,no
22077,no
38616,yes
43544,no
39912,no
26106,yes
1658,no
17709,no
31886,no
17970,no
39793,no
23299,no
43008,yes
4520,no
38787,no
27837,no
31945,no
25869,no
39096,no
27976,yes
620,no
22933,no
3974,no
26663,no
24092,no
6114,no
6273,no
19417,no
12843,no
4275,no
17652,no
28489,no
34284,no
24551,no
23897,no
23956,no
40618,no
5239,no
5233,no
3186,no
10131,no
23257,no
1057,no
43501,yes
45006,yes
28191,no
21312,no
21939,no
39957,yes
37362,no
20787,no
13736,no
29875,no
23444,no
37561,no
26932,no
25668,no
19009,no
11335,no
1921,no
987,no
13139,no
11879,no
5193,no
45205,yes
15769,no
3374,yes
40811,no
14017,no
24441,yes
14255,no
27417,no
43552,no
21875,no
25187,no
40270,no
14648,no
22423,no
43490,yes
7661,no
38578,yes
41680,yes
28854,no
15623,no
18494,no
23904,no
19755,no
33240,no
15113,no
36839,no
39143,yes
36996,no
11468,no
5401,no
6145,no
20622,no
2976,no
38606,no
6166,no
5832,no
17228,no
31148,yes
22748,no
38877,no
32937,no
5154,no
27610,no
900,no
36184,no
5468,no
28336,no
31460,yes
44756,yes
45,no
14602,no
31279,yes
37834,no
4552,no
5440,no
26874,no
16995,no
3816,no
29391,no
25671,no
16359,no
38036,no
40671,yes
26287,no
8646,no
7826,no
664,no
19494,no
35306,yes
44139,yes
15679,no
6073,no
10300,no
24329,no
572,no
31158,yes
6918,yes
35295,no
30110,no
24068,no
36313,no
34725,no
27547,no
30880,no
39656,no
35518,no
15938,no
37478,no
3004,no
23065,no
2943,no
40145,yes
30813,no
1565,no
38566,no
34802,no
14111,no
62,no
29678,no
25086,no
34718,no
31474,no
39276,no
40943,yes
21929,no
15735,no
28541,no
30006,yes
25477,no
18781,yes
44461,yes
42582,yes
29338,no
23924,no
38873,no
32627,no
36343,no
24938,no
21152,no
21350,no
38464,yes
32876,no
19836,no
38088,no
11823,no
16736,no
20633,no
23615,no
11049,no
37879,no
20792,no
16749,no
8406,no
40760,no
8232,no
21058,no
28960,no
32570,no
18501,no
38338,no
26561,no
30314,no
2386,no
44972,yes
18765,no
31154,no
17835,no
32452,no
27542,no
2536,no
10599,no
10587,no
26955,yes
27291,no
25727,no
8410,no
45094,no
22274,no
38987,no
38210,no
35481,no
11428,no
22595,no
18254,no
35838,no
8740,no
42836,no
40551,no
15069,no
15926,no
41918,yes
37427,no
9899,no
13250,no
40959,yes
8398,no
14284,no
31827,yes
5022,no
22948,no
41826,yes
43924,yes
23131,no
27044,no
24638,no
29590,no
373,yes
11792,no
15749,no
34708,no
29762,no
16188,no
99,no
35903,no
31390,no
40067,no
12726,no
8508,yes
1922,no
27020,yes
20957,no
39551,no
19798,no
36670,no
44500,no
3342,no
15226,no
26772,no
34727,no
6388,no
17235,no
29218,no
29858,no
38537,no
4910,no
233,no
271,no
30075,yes
7516,no
42671,no
21563,no
31731,no
16919,no
29258,no
38045,no
37352,no
21551,no
1848,no
9462,no
19914,no
12089,no
15830,no
28397,no
33528,no
18845,no
5514,no
25872,no
31290,no
24569,no
41976,yes
22283,no
7814,no
35475,no
24060,no
28103,no
31147,no
6610,no
30591,no
30825,no
3482,no
36551,no
7449,no
3675,no
4113,no
38222,no
27934,no
17793,no
25837,no
39876,no
10235,yes
29247,no
15581,no
41380,no
23628,no
31884,no
41513,no
33605,no
31729,no
17008,no
20296,no
14718,no
11549,no
21620,no
9980,no
3806,no
8165,no
9801,no
22845,no
18603,no
11582,no
23915,no
40630,no
42824,no
8891,no
38074,no
37921,no
39633,no
6249,no
28389,no
39398,no
39283,yes
9555,no
22436,no
8967,no
30958,no
14136,no
21840,no
32216,yes
25072,no
30337,no
25483,no
41709,no
28,no
41992,no
34407,yes
4303,no
22705,no
26300,no
38339,no
26903,no
17221,no
44629,yes
16393,no
34355,no
43280,no
32479,no
6197,no
24200,no
4367,no
20975,no
17668,no
16032,no
21003,no
8147,no
25166,no
19377,no
22329,no
701,no
17013,no
34285,no
15606,no
23210,no
14027,no
11523,no
17576,no
32537,no
17422,no
5430,no
40162,no
34341,no
40123,no
40655,yes
13191,no
29627,no
41148,no
12948,no
36992,no
20578,no
406,no
33722,no
36256,no
22852,no
15849,no
38750,no
7915,no
10825,no
25275,no
7237,no
17148,no
37734,no
37878,no
3046,no
29037,no
14567,no
439,no
35943,no
24040,no
15436,no
40351,yes
9125,no
29828,no
5671,no
4593,no
16642,no
17976,no
40803,no
8709,no
24394,no
18519,no
1026,yes
28488,no
22949,no
43834,no
21634,no
38147,no
442,no
2212,no
42724,yes
28096,yes
15350,no
38119,no
19550,no
12570,no
25778,no
9026,no
41684,yes
40231,no
19789,no
18345,no
30518,no
13278,no
34360,no
12532,yes
25340,no
32429,no
1364,no
24644,no
7193,no
12440,no
18247,no
44457,yes
13673,no
24429,no
9734,no
40992,no
897,no
18281,no
40584,yes
11941,no
24383,no
30901,no
4519,no
20005,no
12009,no
18573,no
30651,no
18856,no
3684,no
42770,no
40011,no
6580,no
41915,no
8353,no
15802,no
27698,no
5790,no
36612,no
23861,no
2557,no
27987,yes
30926,no
15015,no
19204,no
41629,no
7081,no
2489,no
25588,no
37499,yes
42061,no
19972,no
15363,no
38345,no
21815,no
10985,no
11954,no
40350,no
952,no
37518,no
14535,no
26857,no
722,no
13083,no
20862,yes
9275,no
30928,no
2899,no
29603,no
4863,no
4647,no
24609,no
12076,no
24499,no
19172,no
16489,no
9340,no
3397,no
13581,yes
32085,no
16201,no
24318,no
2344,no
20610,no
30015,no
10874,no
36614,no
4623,no
24966,no
26712,no
6561,no
40316,yes
44633,yes
13256,no
20669,no
34923,no
11831,no
2703,no
17002,no
6159,no
20479,no
13264,no
26353,no
13090,no
4548,no
9872,no
30871,no
12718,no
4420,no
32624,yes
33964,no
45193,yes
20279,yes
20964,no
9518,no
42450,yes
15648,no
17147,no
17841,no
35166,no
30343,no
37405,no
23734,no
4625,no
22884,no
35675,no
20881,no
30380,no
24715,no
27511,no
10176,no
40752,no
36685,yes
28023,no
32662,no
24830,no
7590,no
20860,yes
43034,yes
27386,no
6000,no
37638,no
1539,no
39125,no
30769,no
31226,yes
14749,no
12368,no
44785,yes
34434,no
16268,yes
9441,no
2514,no
30189,no
21979,no
42342,no
22051,no
324,no
12846,no
29197,no
41138,no
1065,no
9292,no
5768,no
32753,no
38343,no
28119,no
18811,no
1787,no
27327,no
1927,no
32234,no
28075,no
29374,no
34900,no
5372,no
36593,no
17919,no
43233,yes
38548,no
25773,no
26061,no
2556,no
17528,no
21524,no
25661,no
2757,no
28359,no
41527,no
23986,no
18342,no
32471,no
24821,no
41235,yes
15973,no
21059,no
15230,no
26443,no
17907,no
17711,no
37774,no
36526,no
34669,no
34057,no
44127,no
41340,no
24834,no
10120,no
10351,no
37150,no
24681,no
42501,no
33585,no
37494,no
40783,yes
19863,no
39849,no
11524,no
22248,no
43474,yes
24020,no
25955,no
29689,no
24749,no
27820,no
5614,no
26662,no
9130,no
6506,no
21135,no
11381,no
33378,no
43850,no
920,no
11566,no
39504,no
40661,no
37111,no
3271,no
30098,no
15448,no
39010,yes
9756,no
22321,no
24186,no
4089,no
1947,no
15092,no
19610,no
16401,no
10269,no
3173,no
40110,no
41716,no
346,yes
5070,no
3210,no
26517,no
18408,no
7993,no
41978,no
42168,yes
34238,no
35368,no
17566,no
8893,no
23247,no
12562,no
29398,no
942,no
30624,no
35500,no
31656,no
23752,no
25452,no
1944,no
3135,no
39023,no
17780,no
38012,yes
2280,no
42983,yes
19192,no
13695,no
29571,no
14652,no
39059,no
24957,no
6427,no
36857,no
5870,no
7189,yes
33204,no
29569,no
2292,no
14295,no
24724,no
7335,no
4099,no
3575,no
33193,no
560,no
4720,no
551,no
11112,no
33364,no
19808,no
5829,no
35917,no
14937,no
10041,no
30509,yes
455,no
5236,no
7337,no
6598,no
44687,yes
21890,no
21936,no
21568,no
35562,no
40868,no
21949,no
30721,yes
4382,no
3836,yes
18160,no
24951,no
28319,no
33648,no
19998,no
18267,no
17078,no
36429,no
35616,no
40521,no
17274,no
35659,no
38447,no
41461,no
18721,no
4035,no
31368,yes
30696,no
8217,no
20920,no
11744,no
44208,yes
12605,no
41650,yes
15688,no
1448,no
33898,yes
8328,no
18652,no
38708,no
23422,no
34806,no
18119,no
26708,no
29142,no
11036,yes
41146,yes
5309,no
39711,no
15345,no
42430,no
40070,no
38531,no
6461,no
14729,no
5835,no
30129,no
14212,no
34413,no
13653,no
9548,no
27770,no
24143,no
17743,no
23391,no
16499,no
1943,no
38892,no
7254,no
9869,no
28170,no
34830,no
17776,no
2006,no
10890,no
35946,yes
22129,no
38368,no
1746,no
8686,no
19408,no
7720,yes
1176,no
44456,yes
40283,yes
23146,no
13286,no
26622,no
40925,yes
10075,no
36818,no
7556,no
29375,no
6753,no
23616,no
37971,no
41089,no
13342,no
42716,no
15161,no
44411,yes
30378,yes
6180,no
32557,no
33159,no
2762,no
43551,no
14780,no
9932,no
32076,no
43202,no
19918,no
26345,no
3026,no
19633,no
17818,no
44802,yes
10296,no
18656,no
36812,yes
44492,no
5721,no
21022,no
25525,no
30741,no
9112,no
7684,no
11602,no
9723,no
9789,no
1695,no
9019,no
2405,yes
30612,no
26490,no
4995,no
11320,no
3391,no
42499,no
37464,no
1690,no
29219,no
23863,no
44775,no
34353,no
14368,no
31472,no
23170,no
7617,no
8164,no
32480,no
20555,no
43252,yes
37991,no
32100,yes
6283,no
33939,yes
39940,no
44322,yes
7994,no
37968,no
5625,no
32724,no
19160,no
11957,no
11125,no
12381,no
38010,no
13517,no
19363,no
28572,no
41358,yes
14194,no
29194,no
42137,no
18375,no
38964,no
19892,no
38890,yes
41025,no
20717,no
4457,no
5724,no
11735,no
10069,no
6008,no
30808,no
31591,no
4888,no
1686,no
40433,no
15896,no
29404,no
43745,no
25482,no
39990,yes
930,no
36781,no
32589,no
19415,no
44601,no
4846,no
17857,no
1127,no
36453,no
2700,no
27309,no
26199,no
30048,yes
23639,no
25904,no
38350,no
15558,no
12294,no
12759,yes
10068,no
24575,no
39131,no
17015,no
42466,yes
12770,no
2501,no
24567,no
33200,no
35005,yes
19393,no
12274,no
20678,no
38157,no
3621,no
14975,no
18102,no
9021,no
35275,no
3973,no
16205,no
41835,no
14897,no
39006,no
15116,no
7555,no
37174,no
41322,yes
5361,no
42116,no
31109,yes
31400,yes
6673,no
14616,no
8881,no
33683,no
34052,no
35909,no
22089,no
23010,no
24190,no
10715,no
22202,no
18645,no
37777,no
24526,no
5169,no
1918,no
43476,no
33208,yes
38556,no
44824,yes
13690,no
30789,yes
30868,no
17091,no
11697,no
39589,no
36485,no
14229,no
4172,no
25117,no
15395,no
30334,no
22964,no
9347,no
30389,yes
41645,no
7191,no
29637,no
30013,no
15183,no
32692,no
36500,no
6393,no
21308,no
3319,no
32944,no
7238,yes
29326,no
1669,no
9821,no
23015,no
27468,no
34954,no
10091,no
2857,no
6391,no
35796,no
11409,no
26131,no
8793,no
42359,no
31240,no
25628,no
33986,yes
37681,no
15919,no
40495,yes
9155,no
27158,no
8869,no
8482,no
40855,no
43462,no
17930,no
21825,no
20812,no
35644,no
18264,no
44396,yes
38141,no
37851,no
33917,no
20634,yes
41118,no
24472,no
39698,no
20880,no
44503,no
37018,no
6829,no
15528,no
10412,no
4614,no
4194,no
38347,yes
15601,no
11232,yes
7581,no
16464,no
21781,no
37737,no
4170,no
15390,yes
10446,no
4633,no
17379,no
1714,no
1044,no
3813,no
20366,no
16473,no
39706,yes
8150,no
30564,no
40274,no
21927,no
3232,no
25830,no
35093,no
40043,no
31860,no
21593,no
8067,no
11212,no
33783,yes
6563,no
25679,no
14207,no
35910,no
36015,no
10566,no
35242,no
34560,no
42798,no
20374,no
15824,yes
39525,no
29048,no
9471,no
331,no
15002,no
19521,no
2934,no
21157,no
20305,no
26367,yes
19000,no
26868,no
28318,no
13341,no
44680,yes
5735,no
14113,no
41813,yes
3128,no
25191,no
14120,no
11120,no
31152,no
1678,no
30023,no
29445,no
41401,no
20207,no
9806,no
19038,yes
3648,no
10321,no
6177,no
15747,no
27101,no
28991,no
10641,no
36745,yes
10148,no
28602,no
32823,no
31160,no
13973,no
28502,no
5438,no
19681,no
7472,no
35450,no
16880,no
44811,no
15546,no
39028,no
30058,no
28121,no
19349,no
38014,no
15550,no
29805,no
33577,no
33031,no
17859,no
12796,yes
21934,no
25453,no
32826,no
29507,no
37491,no
3332,no
40601,yes
26073,no
13166,no
44253,yes
16055,no
20148,no
24308,no
2093,no
13466,no
7552,no
30266,no
40623,no
849,no
28823,no
34172,yes
36858,no
23518,no
27003,no
5437,no
37335,yes
1076,no
31139,yes
11771,no
36698,no
5668,no
14275,no
26218,no
38136,no
30272,no
27959,no
39913,yes
16964,no
32461,no
2271,no
39967,no
25930,no
43221,yes
40902,no
1485,no
18089,no
36383,no
9384,no
5569,no
2732,no
15588,no
8521,no
18810,no
14296,no
9303,no
41768,no
35981,no
11355,no
7553,no
26702,no
9302,no
2933,no
41838,no
28709,no
43958,no
2914,no
16280,no
34409,no
31919,no
43456,yes
43176,yes
11190,no
17611,no
42414,yes
37108,yes
16532,no
25665,no
5814,no
33627,no
29701,no
23078,no
10174,no
41925,yes
13713,no
9315,no
10395,no
5010,no
30179,no
36170,no
20142,no
1484,no
36312,no
34969,no
7183,no
12475,no
16723,no
14912,no
8822,yes
4348,no
27043,no
33878,yes
27591,no
45064,no
21223,no
4582,no
4334,no
14880,no
5779,no
13883,no
39570,no
23864,no
15313,yes
27231,no
15737,no
36494,no
12658,no
3282,no
38924,no
13235,no
666,no
41335,yes
38199,no
38710,no
44226,yes
41344,yes
43347,yes
3505,yes
25815,no
40035,no
22175,no
23455,no
9305,no
13429,no
4188,no
40956,no
20843,no
30949,no
32694,no
18797,no
14468,no
4234,no
19896,no
2725,no
254,no
40293,yes
10365,no
34282,no
19546,no
35780,no
29738,no
12408,no
32521,no
24149,no
29633,no
10118,no
39754,no
6451,no
8993,no
5047,no
37882,no
9902,no
20680,yes
6152,no
38367,no
33226,no
8541,no
14891,no
27075,no
41520,no
21705,no
38656,no
12456,no
33777,yes
12871,no
2181,no
14456,no
1711,no
40988,no
2352,no
33909,yes
19520,no
36638,no
25141,no
38475,no
40650,yes
37944,no
17409,no
7161,yes
29795,no
34705,no
21515,no
5214,no
28867,no
33326,no
2798,no
43195,yes
28470,no
4010,no
13742,no
23505,no
29322,no
33645,no
30606,no
6774,no
29379,no
17689,no
5997,no
40619,yes
14068,no
25407,no
31970,no
23901,no
30970,no
30256,no
6352,no
34942,no
2599,no
5698,no
35283,yes
25479,no
33085,no
45164,no
26066,no
948,no
44484,no
14235,no
10848,no
26497,no
1607,no
18283,no
14634,no
37931,no
14056,no
37873,no
9251,no
8651,no
2194,no
33291,no
31502,no
21919,no
38334,no
12378,no
4058,no
1465,no
36877,no
13129,no
20072,no
25764,no
8633,no
8342,no
13696,no
40146,no
25763,no
19641,no
44232,no
16113,no
997,no
30602,no
24610,no
11591,no
2604,no
35437,no
43742,yes
43863,no
17903,no
40660,yes
40693,no
34417,no
23492,no
39803,no
5257,no
42439,yes
9911,no
15295,no
40771,yes
27491,no
28443,no
36516,no
10458,yes
17956,no
43778,no
38823,no
37925,yes
8817,no
36758,no
37547,no
2321,no
28456,no
27662,no
42160,yes
36132,no
26023,no
12240,no
7970,no
22226,no
43811,no
36108,no
29199,no
16125,no
17803,no
32418,no
34865,no
9213,no
31312,no
35886,no
3494,no
1511,no
44171,yes
4003,no
23975,no
4840,no
7114,no
23003,no
25908,no
39080,yes
19150,no
43279,yes
14783,yes
17074,no
30102,no
6912,no
9618,no
2533,no
40966,no
14532,no
43711,yes
33276,yes
44231,yes
9033,no
30995,no
8246,no
31634,no
19034,no
32319,yes
40529,no
44944,no
19178,no
27380,no
42246,no
40809,yes
20886,no
6004,no
3692,no
26016,yes
29697,no
44199,yes
15316,yes
12109,no
42617,no
35960,no
40442,yes
36654,no
17591,no
38821,no
42481,yes
27323,no
28838,no
44465,yes
44364,no
3312,no
39531,no
5646,no
44804,yes
17056,no
8660,no
3074,no
6303,no
13406,no
15097,no
28118,no
40297,no
32439,no
13827,yes
23896,no
40931,no
8858,no
3611,no
24932,no
15731,no
29980,yes
8059,no
16899,no
25175,no
28900,no
14887,yes
43568,no
22443,no
39027,no
34205,no
11281,no
41881,no
3827,no
27682,no
35409,no
37334,no
31757,no
3333,no
5758,no
36329,no
2884,no
31868,no
26010,no
12690,no
36892,no
9680,no
23173,no
14994,no
6100,no
15653,no
44262,no
27040,no
18692,no
18671,no
35298,no
36354,no
20530,no
5562,no
5293,no
15427,no
15359,no
10893,no
12627,no
40665,no
10711,no
25163,no
3088,no
40482,no
13335,no
2892,no
11675,no
31627,yes
2267,no
37599,no
6118,no
41436,no
2771,no
28648,no
3537,no
21478,no
42111,no
37716,no
20552,no
40421,no
45084,yes
40392,yes
682,no
39607,no
25526,no
11358,no
17322,no
35222,no
35153,yes
5895,no
17490,no
35979,no
22578,no
34461,no
34955,no
2259,no
33639,no
5664,no
42368,no
20318,no
974,no
43082,yes
5373,no
3523,no
17374,no
13561,no
24095,yes
35771,no
13315,yes
11330,no
24069,yes
26696,no
8029,no
15807,no
3601,no
35679,no
36991,no
14562,no
23414,no
15483,no
12162,no
24018,no
37529,no
25226,no
10259,no
17253,no
40753,yes
6486,no
1380,no
37810,no
28246,no
35656,no
26025,no
15848,no
33122,no
33015,yes
30068,no
5375,no
44843,yes
20293,no
6875,yes
26917,no
32892,no
11919,no
21504,no
6400,yes
17614,no
20537,no
954,no
6750,yes
25045,no
29094,no
44273,yes
19640,yes
32454,no
32796,no
41887,no
28245,yes
44209,yes
21154,no
29045,no
28847,no
5771,no
1955,no
1006,no
11463,no
5421,no
40429,yes
18774,no
43519,no
6315,no
12043,no
38353,no
37415,no
33206,no
32198,yes
23466,no
44885,yes
15813,no
7264,no
18463,no
30720,no
33876,no
15823,no
30359,no
5975,no
20242,no
31815,no
28612,no
10153,no
4521,no
36380,no
6447,no
27597,no
43795,no
26505,no
13012,yes
42195,yes
18934,no
13138,no
22237,no
32200,no
41331,no
20240,no
38791,no
43641,yes
8968,no
43593,no
30983,no
43800,yes
37461,no
2305,no
39148,no
319,no
22752,no
35276,no
33769,yes
12304,no
2833,no
34295,no
43925,no
40486,no
30177,yes
20743,no
5602,no
21698,no
33126,no
5742,no
24423,no
38241,no
19816,no
12898,no
11459,no
7519,no
4589,no
18174,no
4345,no
12695,no
37400,no
38255,no
31836,no
4475,no
16478,no
22203,no
42122,yes
9966,no
32046,no
23144,no
38641,no
34562,no
14596,no
31537,no
43348,yes
5690,no
43258,yes
6907,no
27374,no
32791,no
41120,no
6323,no
2903,no
7132,no
38920,no
36517,no
6763,no
25308,no
23613,no
18418,no
31583,no
32413,no
38908,no
27081,no
33473,no
27921,no
44440,yes
11612,no
19488,no
26947,no
17114,no
19728,no
18882,no
12215,no
10328,no
11447,no
43159,yes
14764,no
39537,no
